{"cameraMode":{"drawMode":0,"name":"Shaded","section":"Shading Mode"},"sceneLighting":true,"audioPlay":false,"sceneViewState":{"showFog":true,"showMaterialUpdate":false,"showSkybox":true,"showFlares":true,"showImageEffects":true,"showParticleSystems":true},"in2DMode":false,"pivot":{"x":14.75795841217041,"y":2.6809306144714357,"z":-8.346330642700196},"rotation":{"x":0.11015705019235611,"y":-0.7926826477050781,"z":0.1503797024488449,"w":0.5804919600486755},"size":2.856166362762451,"orthographic":false}